,City,Lat,Lng,Max Temp,Humidity,Cloudiness,Wind Speed,Country,Date,Description
0,Rikitea,-23.1203,-134.9692,79.18,65,27,8.81,PF,2022-03-28 00:03:35,scattered clouds
1,Kodiak,57.79,-152.4072,33.31,100,100,31.07,US,2022-03-28 00:03:36,heavy snow
2,Yakymivka,46.6897,35.1536,31.28,56,27,8.37,UA,2022-03-28 00:03:36,scattered clouds
3,Dikson,73.5069,80.5464,-18.04,100,26,3.71,RU,2022-03-28 00:03:37,scattered clouds
4,Jamestown,42.097,-79.2353,20.01,61,100,13.8,US,2022-03-27 23:59:03,overcast clouds
5,Cabo San Lucas,22.8909,-109.9124,86.61,21,40,0.0,MX,2022-03-28 00:03:16,scattered clouds
6,Hobart,-42.8794,147.3294,63.27,82,98,3.15,AU,2022-03-28 00:03:38,light rain
7,East London,-33.0153,27.9116,70.32,83,80,19.71,ZA,2022-03-28 00:03:38,broken clouds
8,Noumea,-22.2763,166.4572,84.18,99,26,12.97,NC,2022-03-28 00:03:39,scattered clouds
9,Ikungi,-5.1333,34.7667,61.99,89,50,6.02,TZ,2022-03-28 00:03:40,scattered clouds
10,Cape Town,-33.9258,18.4232,68.11,70,47,7.54,ZA,2022-03-28 00:02:38,scattered clouds
11,Marzuq,14.4,46.4667,64.22,31,5,4.5,YE,2022-03-28 00:03:40,clear sky
12,Carauari,-4.8828,-66.8958,73.49,98,100,2.17,BR,2022-03-28 00:03:41,very heavy rain
13,Sao Joao Da Barra,-21.6403,-41.0511,77.74,90,0,10.58,BR,2022-03-28 00:03:41,clear sky
14,Punta Arenas,-53.15,-70.9167,42.12,75,51,12.15,CL,2022-03-28 00:03:42,broken clouds
15,Busselton,-33.65,115.3333,61.47,64,0,15.48,AU,2022-03-28 00:00:39,clear sky
16,Clive,41.603,-93.7241,39.29,32,20,6.91,US,2022-03-28 00:03:43,few clouds
17,Qaqortoq,60.7167,-46.0333,25.23,73,83,6.15,GL,2022-03-28 00:03:43,broken clouds
18,Upernavik,72.7868,-56.1549,15.33,76,99,3.44,GL,2022-03-28 00:03:44,overcast clouds
19,Charters Towers,-20.1,146.2667,81.21,58,4,2.1,AU,2022-03-28 00:03:45,clear sky
20,Avarua,-21.2078,-159.775,84.25,79,75,8.05,CK,2022-03-27 23:59:12,broken clouds
21,Bredasdorp,-34.5322,20.0403,64.9,73,45,3.6,ZA,2022-03-28 00:03:46,scattered clouds
22,Ushuaia,-54.8,-68.3,47.86,57,20,9.22,AR,2022-03-27 23:59:20,few clouds
23,Yantal,56.8471,105.2542,13.01,93,100,9.91,RU,2022-03-28 00:03:46,overcast clouds
24,Barrow,71.2906,-156.7887,3.22,72,40,19.57,US,2022-03-28 00:03:47,scattered clouds
25,Pervomayskiy,53.2485,40.2871,19.94,82,82,16.71,RU,2022-03-28 00:03:48,broken clouds
26,Los Llanos De Aridane,28.6585,-17.9182,58.75,91,0,5.99,ES,2022-03-28 00:03:48,clear sky
27,Mataura,-46.1927,168.8643,71.1,49,3,1.95,NZ,2022-03-28 00:00:40,clear sky
28,Yellowknife,62.456,-114.3525,18.41,61,100,3.0,CA,2022-03-28 00:03:49,overcast clouds
29,Asau,46.4333,26.4,29.32,56,13,2.46,RO,2022-03-28 00:03:49,few clouds
30,Bambanglipuro,-7.95,110.2833,78.03,85,81,4.65,ID,2022-03-28 00:03:06,broken clouds
31,Nikolskoye,59.7035,30.7861,22.91,93,100,10.4,RU,2022-03-28 00:03:50,light snow
32,Kapaa,22.0752,-159.319,79.12,65,20,5.01,US,2022-03-28 00:03:51,few clouds
33,Ordu,40.9086,37.6845,34.3,88,100,6.17,TR,2022-03-28 00:03:51,light snow
34,Atuona,-9.8,-139.0333,78.82,82,67,13.15,PF,2022-03-28 00:03:52,light rain
35,Buritis,-15.6178,-46.4233,78.17,52,74,2.28,BR,2022-03-28 00:03:52,broken clouds
36,Fairbanks,64.8378,-147.7164,37.02,52,50,3.31,US,2022-03-28 00:00:02,scattered clouds
37,Sarangani,5.4033,125.4636,81.32,75,72,12.39,PH,2022-03-28 00:03:53,broken clouds
38,Pisco,-13.7,-76.2167,68.02,87,50,4.38,PE,2022-03-28 00:03:53,scattered clouds
39,Tasiilaq,65.6145,-37.6368,26.76,75,100,10.8,GL,2022-03-28 00:03:54,overcast clouds
40,San Francisco,37.7749,-122.4194,67.89,63,100,15.01,US,2022-03-27 23:59:56,overcast clouds
41,San Quintin,30.4833,-115.95,62.62,68,59,6.4,MX,2022-03-28 00:03:55,broken clouds
42,Tuatapere,-46.1333,167.6833,67.46,59,2,4.97,NZ,2022-03-28 00:03:56,clear sky
43,Provideniya,64.3833,-173.3,17.71,73,0,2.24,RU,2022-03-28 00:03:56,clear sky
44,Killybegs,54.6333,-8.45,48.27,82,44,4.52,IE,2022-03-28 00:04:57,scattered clouds
45,Butaritari,3.0707,172.7902,81.18,65,86,7.16,KI,2022-03-28 00:03:08,overcast clouds
46,Yar-Sale,66.8333,70.8333,11.97,93,100,15.37,RU,2022-03-28 00:04:58,overcast clouds
47,Mahebourg,-20.4081,57.7,76.24,72,5,6.89,MU,2022-03-28 00:04:58,clear sky
48,Chirongui,-12.9319,45.1483,76.93,76,81,0.56,YT,2022-03-28 00:04:59,broken clouds
49,Saint-Pierre,-21.3393,55.4781,77.29,78,100,5.75,RE,2022-03-28 00:05:00,overcast clouds
50,Abu Kamal,34.4506,40.9171,49.96,56,0,7.76,SY,2022-03-28 00:05:01,clear sky
51,Severo-Kurilsk,50.6789,156.125,33.26,90,81,26.19,RU,2022-03-28 00:05:01,light snow
52,Victor Harbor,-35.5667,138.6167,69.01,81,7,6.08,AU,2022-03-28 00:05:02,clear sky
53,Albany,42.6001,-73.9662,29.35,59,100,3.0,US,2022-03-28 00:00:34,overcast clouds
54,Nanortalik,60.1432,-45.2371,28.42,82,61,4.76,GL,2022-03-28 00:05:04,broken clouds
55,Torbay,47.6666,-52.7314,40.28,90,100,3.0,CA,2022-03-28 00:05:04,light rain
56,Zavodouspenskoye,56.8626,65.0155,17.82,90,100,11.16,RU,2022-03-28 00:05:05,overcast clouds
57,Acajutla,13.5928,-89.8275,82.85,58,88,6.71,SV,2022-03-28 00:05:05,overcast clouds
58,Talnakh,69.4865,88.3972,2.55,97,100,5.26,RU,2022-03-28 00:05:06,overcast clouds
59,Khatanga,71.9667,102.5,-14.04,100,94,6.4,RU,2022-03-28 00:05:07,overcast clouds
60,Najran,17.4924,44.1277,58.71,29,1,2.89,SA,2022-03-28 00:05:07,clear sky
61,Palmerston,-12.486,130.9833,84.92,83,75,4.61,AU,2022-03-28 00:05:08,broken clouds
62,Tubajon,10.3317,125.5619,79.21,82,82,9.84,PH,2022-03-28 00:05:08,broken clouds
63,Zhigansk,66.7697,123.3711,7.93,96,98,3.33,RU,2022-03-28 00:05:09,overcast clouds
64,Yulara,-25.2406,130.9889,78.64,17,67,8.05,AU,2022-03-28 00:05:10,broken clouds
65,Hermanus,-34.4187,19.2345,62.8,66,98,3.04,ZA,2022-03-28 00:01:53,overcast clouds
66,Tiksi,71.6872,128.8694,-1.16,94,100,4.07,RU,2022-03-28 00:00:31,overcast clouds
67,Ambulu,-8.345,113.6058,78.31,82,83,1.95,ID,2022-03-28 00:05:11,broken clouds
68,Mahibadhoo,3.7833,72.9667,81.28,74,99,6.78,MV,2022-03-28 00:05:11,overcast clouds
69,Chikwawa,-16.0335,34.8009,73.27,97,100,5.08,MW,2022-03-28 00:05:12,overcast clouds
70,Ancud,-41.8697,-73.8203,54.23,81,54,14.25,CL,2022-03-28 00:02:09,broken clouds
71,Cidahu,-6.3113,106.0568,72.84,92,94,1.19,ID,2022-03-28 00:05:12,overcast clouds
72,Te Anau,-45.4167,167.7167,70.27,48,4,0.72,NZ,2022-03-28 00:05:13,clear sky
73,Qom,34.6401,50.8764,49.98,30,0,13.35,IR,2022-03-28 00:00:16,clear sky
74,Greenfield,42.9614,-88.0126,30.02,36,0,11.5,US,2022-03-28 00:05:14,clear sky
75,New Norfolk,-42.7826,147.0587,62.92,70,94,2.93,AU,2022-03-28 00:03:06,light rain
76,Nishihara,26.1842,127.7558,63.68,77,75,18.41,JP,2022-03-28 00:05:15,broken clouds
77,Hithadhoo,-0.6,73.0833,81.55,65,5,5.97,MV,2022-03-28 00:05:15,clear sky
78,Taltal,-25.4,-70.4833,67.5,74,20,2.89,CL,2022-03-28 00:00:35,few clouds
79,Geraldton,-28.7667,114.6,75.61,78,100,5.75,AU,2022-03-28 00:05:16,overcast clouds
80,Vaini,-21.2,-175.2,80.4,65,46,8.66,TO,2022-03-28 00:05:17,scattered clouds
81,Airai,-8.9266,125.4092,67.12,73,84,0.49,TL,2022-03-28 00:05:17,broken clouds
82,Half Moon Bay,37.4636,-122.4286,66.42,60,75,14.97,US,2022-03-28 00:05:18,broken clouds
83,Katsuura,35.1333,140.3,55.6,81,85,11.36,JP,2022-03-28 00:01:40,overcast clouds
84,Vestmanna,62.1564,-7.1664,38.32,87,100,11.5,FO,2022-03-28 00:05:18,overcast clouds
85,Tshikapa,-6.4167,20.8,70.27,96,91,2.04,CD,2022-03-28 00:05:19,moderate rain
86,Kartaly,53.0522,60.6467,28.42,93,42,15.82,RU,2022-03-28 00:05:19,scattered clouds
87,Kermanshah,34.3142,47.065,34.39,63,3,1.88,IR,2022-03-28 00:05:20,clear sky
88,Thompson,55.7435,-97.8558,13.14,80,25,2.71,CA,2022-03-28 00:05:21,scattered clouds
89,Arraial Do Cabo,-22.9661,-42.0278,76.87,91,11,5.59,BR,2022-03-28 00:06:21,few clouds
90,Port Blair,11.6667,92.75,80.85,75,39,3.42,IN,2022-03-28 00:06:22,scattered clouds
91,Gazli,40.1333,63.45,47.73,53,28,7.58,UZ,2022-03-28 00:06:22,scattered clouds
92,Krasnyy Chikoy,50.3643,108.7512,22.21,80,97,3.91,RU,2022-03-28 00:06:23,overcast clouds
93,Bluff,-46.6,168.3333,59.7,74,8,2.82,NZ,2022-03-28 00:05:54,clear sky
94,Hilo,19.7297,-155.09,80.33,62,20,9.22,US,2022-03-28 00:06:24,few clouds
95,Bubaque,11.2833,-15.8333,76.5,64,86,19.86,GW,2022-03-28 00:06:24,overcast clouds
96,Mareeba,-17.0,145.4333,82.49,59,79,2.84,AU,2022-03-28 00:02:18,broken clouds
97,Lempaala,61.3167,23.75,36.25,93,100,11.5,FI,2022-03-28 00:06:25,light rain
98,Nome,64.5011,-165.4064,28.47,69,0,5.75,US,2022-03-28 00:06:26,clear sky
99,Sinnamary,5.3833,-52.95,77.47,87,96,13.38,GF,2022-03-28 00:06:27,overcast clouds
100,Luwingu,-10.2621,29.9271,61.74,97,91,3.91,ZM,2022-03-28 00:06:27,light rain
101,Qaanaaq,77.484,-69.3632,9.79,95,100,6.6,GL,2022-03-28 00:06:28,light snow
102,Boden,65.8252,21.6886,23.0,95,100,8.86,SE,2022-03-28 00:02:48,light snow
103,Saint-Philippe,-21.3585,55.7679,77.22,85,98,9.37,RE,2022-03-28 00:06:28,overcast clouds
104,Chabahar,25.2919,60.643,77.34,71,0,14.47,IR,2022-03-28 00:06:29,clear sky
105,Cherskiy,68.75,161.3,5.47,88,99,8.3,RU,2022-03-28 00:06:29,overcast clouds
106,Khor,47.8861,134.9464,25.14,89,68,3.42,RU,2022-03-28 00:06:30,broken clouds
107,Daru,-9.0763,143.2092,78.58,89,100,3.4,PG,2022-03-28 00:06:31,overcast clouds
108,Henties Bay,-22.116,14.2845,64.62,89,2,6.93,NA,2022-03-28 00:06:31,clear sky
109,Hanchuan,30.65,113.7667,56.17,77,2,4.29,CN,2022-03-28 00:06:32,clear sky
110,Ponta Do Sol,32.6667,-17.1,62.06,79,53,6.26,PT,2022-03-28 00:03:08,broken clouds
111,Tuktoyaktuk,69.4541,-133.0374,-5.94,84,3,7.49,CA,2022-03-28 00:05:42,clear sky
112,Saint-Augustin,51.226,-58.6502,33.66,97,100,16.62,CA,2022-03-28 00:06:33,light snow
113,Victoria,22.2855,114.1577,64.94,94,100,5.01,HK,2022-03-28 00:04:20,light rain
114,Sakakah,29.9697,40.2064,53.17,25,0,6.87,SA,2022-03-28 00:06:34,clear sky
115,Mayumba,-3.432,10.6554,79.11,91,85,4.74,GA,2022-03-28 00:06:34,moderate rain
116,Drumheller,51.4617,-112.7101,50.31,45,100,6.29,CA,2022-03-28 00:06:35,overcast clouds
117,Kloulklubed,7.0419,134.2556,82.9,77,83,19.53,PW,2022-03-28 00:06:35,broken clouds
118,Bethel,41.3712,-73.414,37.49,64,100,14.97,US,2022-03-28 00:06:36,overcast clouds
119,Velke Pavlovice,48.9047,16.8161,47.43,39,0,0.22,CZ,2022-03-28 00:06:36,clear sky
120,Lompoc,34.6391,-120.4579,62.53,73,100,25.99,US,2022-03-28 00:06:37,overcast clouds
121,Dingle,10.9995,122.6711,81.84,74,67,10.2,PH,2022-03-28 00:06:37,broken clouds
122,Ribeira Grande,38.5167,-28.7,60.28,83,100,13.58,PT,2022-03-28 00:06:37,overcast clouds
123,Luleburgaz,41.4039,27.3592,45.9,79,39,3.2,TR,2022-03-28 00:06:38,scattered clouds
124,Shushtar,32.0455,48.8567,55.26,34,0,4.47,IR,2022-03-28 00:06:38,clear sky
125,Le Port,-20.9373,55.2919,77.61,77,76,6.29,RE,2022-03-28 00:06:39,broken clouds
126,Norman Wells,65.282,-126.8329,12.94,88,100,2.35,CA,2022-03-28 00:06:40,overcast clouds
127,Mersing,2.4312,103.8405,79.03,85,73,5.01,MY,2022-03-28 00:06:40,broken clouds
128,Tubuala,9.5167,-79.0333,78.71,85,33,12.41,PA,2022-03-28 00:06:41,scattered clouds
129,Puerto Ayora,-0.7393,-90.3518,79.43,81,97,9.66,EC,2022-03-28 00:06:41,overcast clouds
130,Bambous Virieux,-20.3428,57.7575,76.21,72,9,6.85,MU,2022-03-28 00:06:42,clear sky
131,Codrington,-38.2667,141.9667,64.98,67,88,10.02,AU,2022-03-28 00:05:52,overcast clouds
132,Isangel,-19.55,169.2667,83.48,69,50,7.74,VU,2022-03-28 00:06:43,scattered clouds
133,Georgetown,5.4112,100.3354,80.53,83,20,0.0,MY,2022-03-28 00:05:57,few clouds
134,Encruzilhada Do Sul,-30.5439,-52.5219,62.19,63,2,4.38,BR,2022-03-28 00:06:43,clear sky
135,Salalah,17.0151,54.0924,75.29,50,0,4.61,OM,2022-03-28 00:05:04,clear sky
136,Narsaq,60.9167,-46.05,41.22,67,81,7.83,GL,2022-03-28 00:06:44,broken clouds
137,Bonthe,7.5264,-12.505,78.13,85,76,3.87,SL,2022-03-28 00:06:44,broken clouds
138,Chuy,-33.6971,-53.4616,62.73,73,0,1.32,UY,2022-03-28 00:05:44,clear sky
139,Vanimo,-2.6741,141.3028,85.01,65,90,4.45,PG,2022-03-28 00:07:45,overcast clouds
140,Flinders,-34.5833,150.8552,70.25,90,94,9.1,AU,2022-03-28 00:07:46,overcast clouds
141,Bay-Khaak,51.1667,94.5,11.82,93,93,3.33,RU,2022-03-28 00:07:46,overcast clouds
142,Egvekinot,66.3167,-179.1667,4.78,85,9,0.4,RU,2022-03-28 00:07:47,clear sky
143,Ilulissat,69.2167,-51.1,20.48,64,59,9.51,GL,2022-03-28 00:04:22,broken clouds
144,Ust-Maya,60.4167,134.5333,9.48,94,100,3.89,RU,2022-03-28 00:07:48,overcast clouds
145,Yei,4.095,30.6779,70.02,84,100,4.5,SS,2022-03-28 00:07:48,overcast clouds
146,Kutum,14.2,24.6667,61.05,10,0,15.17,SD,2022-03-28 00:07:49,clear sky
147,San Patricio,28.017,-97.5169,78.19,54,83,15.99,US,2022-03-28 00:07:49,broken clouds
148,Port Alfred,-33.5906,26.891,64.18,93,99,1.01,ZA,2022-03-28 00:07:50,overcast clouds
149,Playa Vicente,17.8333,-95.8167,83.64,21,55,7.05,MX,2022-03-28 00:07:51,broken clouds
150,Korla,41.7597,86.1469,47.25,25,85,12.41,CN,2022-03-28 00:07:51,overcast clouds
151,Kharp,66.8014,65.8081,15.12,96,100,9.26,RU,2022-03-28 00:07:52,snow
152,Vostok,46.4856,135.8833,25.38,88,100,7.76,RU,2022-03-28 00:07:52,light snow
153,San Carlos De Bariloche,-41.1456,-71.3082,47.95,53,40,12.66,AR,2022-03-28 00:07:53,scattered clouds
154,Aron,24.3833,77.4167,76.66,14,5,6.11,IN,2022-03-28 00:07:53,clear sky
155,Castro,-24.7911,-50.0119,63.03,82,5,1.07,BR,2022-03-28 00:07:54,clear sky
156,Ola,59.5833,151.2833,14.81,67,100,10.85,RU,2022-03-28 00:07:54,overcast clouds
157,Brigantine,39.4101,-74.3646,38.05,44,75,23.02,US,2022-03-28 00:07:55,broken clouds
158,Kavieng,-2.5744,150.7967,84.11,70,84,9.19,PG,2022-03-28 00:07:11,broken clouds
159,Batouri,4.4333,14.3667,72.46,32,45,2.91,CM,2022-03-28 00:07:56,scattered clouds
160,Port Hedland,-20.3167,118.5667,86.05,66,98,10.36,AU,2022-03-28 00:07:57,overcast clouds
161,Soyo,-6.1349,12.3689,80.73,90,100,9.78,AO,2022-03-28 00:07:57,overcast clouds
162,Tayuman,14.5142,121.1622,86.14,68,94,5.06,PH,2022-03-28 00:07:58,overcast clouds
163,Sao Jose De Piranhas,-7.1206,-38.5019,73.27,92,90,3.71,BR,2022-03-28 00:07:58,moderate rain
164,Peleduy,59.6289,112.7406,11.41,93,97,7.36,RU,2022-03-28 00:07:59,overcast clouds
165,North Bend,43.4065,-124.2243,57.92,91,40,4.61,US,2022-03-28 00:08:00,scattered clouds
166,Kumluca,36.3703,30.2869,55.54,43,0,7.25,TR,2022-03-28 00:08:00,clear sky
167,Erzin,36.9559,36.2,44.47,62,0,2.48,TR,2022-03-28 00:08:00,clear sky
168,Haines Junction,60.7522,-137.5108,32.29,74,97,2.82,CA,2022-03-28 00:08:01,overcast clouds
169,Husavik,66.0449,-17.3389,23.92,68,50,5.48,IS,2022-03-28 00:08:01,scattered clouds
170,Preganziol,45.6014,12.2372,51.94,84,100,2.3,IT,2022-03-28 00:08:02,fog
171,Yarmouth,41.7057,-70.2286,44.74,53,100,18.01,US,2022-03-28 00:08:03,overcast clouds
172,Campanario,38.8644,-5.6174,50.59,73,85,6.44,ES,2022-03-28 00:08:03,overcast clouds
173,Manitouwadge,49.1215,-85.8403,7.83,73,100,10.31,CA,2022-03-28 00:08:04,overcast clouds
174,Kichmengskiy Gorodok,59.9816,45.7854,15.21,89,100,12.06,RU,2022-03-28 00:08:05,overcast clouds
175,Tiruchchendur,8.4833,78.1167,80.26,81,9,4.81,IN,2022-03-28 00:08:05,clear sky
176,Ajdabiya,30.7554,20.2263,62.06,24,10,14.65,LY,2022-03-28 00:08:06,clear sky
177,San Buenaventura,27.0833,-101.5333,88.45,11,69,14.16,MX,2022-03-28 00:08:06,broken clouds
178,Denpasar,-8.65,115.2167,78.46,94,20,2.3,ID,2022-03-28 00:08:07,few clouds
179,Noratus,40.3755,45.1772,21.92,75,29,10.49,AM,2022-03-28 00:08:08,scattered clouds
180,Yerofey Pavlovich,53.9667,121.9667,21.04,80,92,3.89,RU,2022-03-28 00:08:08,overcast clouds
181,Hualmay,-11.0964,-77.6139,71.71,80,98,9.84,PE,2022-03-28 00:08:09,overcast clouds
182,Uray,60.1247,64.7758,21.18,91,100,13.33,RU,2022-03-28 00:08:09,overcast clouds
183,Port Elizabeth,-33.918,25.5701,65.1,99,84,1.01,ZA,2022-03-28 00:08:10,broken clouds
184,Aswan,24.0934,32.907,62.42,14,92,14.32,EG,2022-03-28 00:09:10,overcast clouds
185,Pinczow,50.5205,20.5265,35.85,47,12,6.11,PL,2022-03-28 00:09:11,few clouds
186,Presidencia Roque Saenz Pena,-26.7852,-60.4388,70.84,55,0,6.64,AR,2022-03-28 00:09:12,clear sky
187,Kaitangata,-46.2817,169.8464,65.46,63,4,4.68,NZ,2022-03-28 00:09:12,clear sky
188,Zhanakorgan,43.9098,67.2495,39.52,58,4,7.23,KZ,2022-03-28 00:09:13,clear sky
189,Saint George,37.1041,-113.5841,84.43,9,0,13.8,US,2022-03-28 00:09:13,clear sky
190,Odweyne,9.4092,45.064,69.4,20,43,15.37,SO,2022-03-28 00:09:14,scattered clouds
191,Jaciara,-15.9653,-54.9683,73.13,91,84,1.48,BR,2022-03-28 00:09:15,broken clouds
192,Novaya Igirma,57.1334,103.9112,12.43,93,100,6.91,RU,2022-03-28 00:09:15,overcast clouds
193,Ayan,56.45,138.1667,16.83,77,24,3.4,RU,2022-03-28 00:09:16,few clouds
194,Gushikawa,26.3544,127.8686,63.63,82,100,14.97,JP,2022-03-28 00:09:16,overcast clouds
195,Caravelas,-17.7125,-39.2481,76.03,84,1,5.1,BR,2022-03-28 00:09:17,clear sky
196,Bull Savanna,17.8868,-77.5902,75.34,74,84,1.3,JM,2022-03-28 00:09:17,broken clouds
197,Kenai,60.5544,-151.2583,39.02,60,100,19.57,US,2022-03-28 00:09:18,overcast clouds
198,Kalmar,56.6616,16.3616,45.14,74,6,13.8,SE,2022-03-28 00:09:18,clear sky
199,Rudnichnyy,59.617,52.4703,18.25,93,99,9.01,RU,2022-03-28 00:09:19,light snow
200,Baiquan,47.5833,126.0833,34.9,50,78,11.16,CN,2022-03-28 00:09:19,broken clouds
201,Ketchikan,55.3422,-131.6461,52.27,43,0,11.5,US,2022-03-28 00:09:20,clear sky
202,Usolye,59.4268,56.6808,31.75,97,100,9.53,RU,2022-03-28 00:09:20,light snow
203,Payo,-3.7508,103.6372,72.46,95,74,1.92,ID,2022-03-28 00:09:21,broken clouds
204,College,64.8569,-147.8028,40.95,57,40,3.44,US,2022-03-28 00:09:22,scattered clouds
205,Naze,28.3667,129.4833,63.0,58,94,15.93,JP,2022-03-28 00:09:23,overcast clouds
206,Port Hardy,50.6996,-127.4199,43.86,95,100,8.57,CA,2022-03-28 00:07:18,light rain
207,Griffith,41.5284,-87.4237,33.15,61,0,9.22,US,2022-03-28 00:09:23,clear sky
208,Grindavik,63.8424,-22.4338,41.47,87,100,13.8,IS,2022-03-28 00:09:24,overcast clouds
209,Belmonte,-15.8631,-38.8828,78.03,81,16,6.26,BR,2022-03-28 00:09:25,few clouds
210,Diego De Almagro,-26.3667,-70.05,68.32,38,0,2.1,CL,2022-03-28 00:09:25,clear sky
211,Carnarvon,-24.8667,113.6333,77.07,73,1,6.91,AU,2022-03-28 00:09:26,clear sky
212,Byron Bay,-28.65,153.6167,69.94,91,99,5.35,AU,2022-03-28 00:09:26,light rain
213,Mar Del Plata,-38.0023,-57.5575,61.88,74,0,5.01,AR,2022-03-28 00:08:24,clear sky
214,Fortuna,40.5982,-124.1573,64.92,68,40,5.75,US,2022-03-28 00:09:27,scattered clouds
215,Riyadh,24.6877,46.7219,57.34,28,0,8.41,SA,2022-03-28 00:07:06,clear sky
216,Pevek,69.7008,170.3133,-9.11,93,42,7.43,RU,2022-03-28 00:09:27,scattered clouds
217,San Vicente,-26.6167,-54.1333,61.29,86,0,3.02,AR,2022-03-28 00:09:28,clear sky
218,La Malbaie,47.6575,-70.1559,31.66,92,100,4.47,CA,2022-03-28 00:09:28,overcast clouds
219,Chrzanow,50.1355,19.402,44.85,47,13,3.18,PL,2022-03-28 00:09:29,few clouds
220,Hirosaki,40.5931,140.4725,45.68,60,55,16.04,JP,2022-03-28 00:09:29,broken clouds
221,Bengkulu,-3.8004,102.2655,73.85,86,59,4.94,ID,2022-03-28 00:06:02,broken clouds
222,Ritchie,-29.038,24.6028,67.51,38,18,7.99,ZA,2022-03-28 00:09:30,few clouds
223,Plainview,40.7765,-73.4673,38.61,54,100,10.0,US,2022-03-28 00:08:58,overcast clouds
224,Wyoming,43.0002,-107.5009,65.1,19,79,15.37,US,2022-03-28 00:09:31,broken clouds
225,Acandi,8.5063,-77.2778,77.81,91,97,8.3,CO,2022-03-28 00:09:32,overcast clouds
226,Krasnyy Yar,46.5331,48.3456,35.53,64,96,18.19,RU,2022-03-28 00:09:33,overcast clouds
227,Kidal,18.4411,1.4078,80.82,8,18,9.95,ML,2022-03-28 00:09:33,few clouds
228,Ust-Tsilma,65.441,52.1498,8.73,94,100,8.34,RU,2022-03-28 00:09:34,overcast clouds
229,Cadiz,36.5,-5.75,59.13,81,100,18.5,ES,2022-03-28 00:09:34,overcast clouds
230,Sorong,-0.8833,131.25,80.76,82,96,1.59,ID,2022-03-28 00:10:35,overcast clouds
231,Boa Vista,2.8197,-60.6733,79.21,72,98,4.41,BR,2022-03-28 00:10:35,overcast clouds
232,Ponta Delgada,37.7333,-25.6667,59.72,88,40,11.5,PT,2022-03-28 00:10:36,scattered clouds
233,Sao Filipe,14.8961,-24.4956,70.38,73,100,7.29,CV,2022-03-28 00:10:36,overcast clouds
234,Darhan,49.4867,105.9228,25.92,66,100,16.93,MN,2022-03-28 00:10:37,overcast clouds
235,Balykshi,47.0667,51.8667,39.2,87,75,17.9,KZ,2022-03-28 00:10:37,mist
236,Astana,51.1801,71.446,30.15,93,100,13.42,KZ,2022-03-28 00:10:38,light snow
237,Seymchan,62.8833,152.4333,1.72,90,96,3.4,RU,2022-03-28 00:10:39,overcast clouds
238,Camana,-16.6228,-72.7111,70.54,82,73,6.85,PE,2022-03-28 00:10:39,broken clouds
239,Ust-Omchug,61.15,149.6333,2.73,91,82,7.74,RU,2022-03-28 00:10:40,broken clouds
240,Khandyga,62.6667,135.6,6.24,81,84,3.0,RU,2022-03-28 00:10:40,broken clouds
241,Longyearbyen,78.2186,15.6401,4.84,72,46,17.27,SJ,2022-03-28 00:05:45,scattered clouds
242,Shagonar,51.5333,92.8,17.91,95,100,0.72,RU,2022-03-28 00:10:41,overcast clouds
243,Taksimo,56.3444,114.8794,11.71,78,96,4.56,RU,2022-03-28 00:10:42,overcast clouds
244,Esperance,-33.8667,121.9,63.75,67,95,12.68,AU,2022-03-28 00:10:42,overcast clouds
245,Tirano,46.2154,10.1679,50.18,60,0,4.56,IT,2022-03-28 00:10:43,clear sky
246,Tilichiki,60.4667,166.1,10.69,79,100,10.07,RU,2022-03-28 00:10:43,overcast clouds
247,Paradise Valley,33.5312,-111.9427,94.21,7,0,9.22,US,2022-03-28 00:07:58,clear sky
248,Palana,59.1167,159.9667,26.35,63,99,20.27,RU,2022-03-28 00:10:44,overcast clouds
249,Christchurch,-43.5333,172.6333,65.95,76,100,17.27,NZ,2022-03-28 00:06:00,overcast clouds
250,Valdivia,-39.8142,-73.2459,47.37,91,0,2.39,CL,2022-03-28 00:10:45,clear sky
251,Kannur,11.8675,75.3576,78.39,88,7,4.5,IN,2022-03-28 00:10:45,clear sky
252,Mlonggo,-6.5333,110.7,80.94,81,80,7.23,ID,2022-03-28 00:10:46,broken clouds
253,Kresna,41.7333,23.15,50.14,61,32,2.62,BG,2022-03-28 00:10:47,scattered clouds
254,Lerwick,60.1545,-1.1494,46.4,86,5,17.18,GB,2022-03-28 00:10:47,clear sky
255,Port Lincoln,-34.7333,135.8667,68.58,74,19,8.39,AU,2022-03-28 00:10:48,few clouds
256,Pudem,58.3044,52.1675,18.66,94,98,8.5,RU,2022-03-28 00:10:48,overcast clouds
257,Iracoubo,5.4802,-53.2011,77.61,85,96,12.86,GF,2022-03-28 00:10:49,overcast clouds
258,Coihaique,-45.5752,-72.0662,48.15,87,75,10.36,CL,2022-03-28 00:10:49,light rain
259,Kollam,8.8833,76.6,78.6,86,9,2.98,IN,2022-03-28 00:10:50,clear sky
260,Arman,59.7,150.1667,14.18,70,100,11.25,RU,2022-03-28 00:10:51,overcast clouds
261,Sokolo,14.7328,-6.1219,89.53,21,79,7.45,ML,2022-03-28 00:10:51,broken clouds
262,Sur,22.5667,59.5289,79.38,44,0,2.86,OM,2022-03-28 00:10:52,clear sky
263,Takaka,-40.85,172.8,67.51,59,0,5.59,NZ,2022-03-28 00:10:52,clear sky
264,Zapolyarnyy,69.4154,30.8136,4.28,98,71,2.82,RU,2022-03-28 00:10:53,broken clouds
265,Agadir,30.4202,-9.5982,64.85,65,91,3.83,MA,2022-03-28 00:10:54,overcast clouds
266,Gornopravdinsk,60.05,69.9,13.06,93,100,10.67,RU,2022-03-28 00:10:54,overcast clouds
267,Rosetown,51.5501,-108.0014,34.95,70,66,13.67,CA,2022-03-28 00:10:55,broken clouds
268,Beaverlodge,55.2166,-119.4361,35.91,86,100,5.61,CA,2022-03-28 00:10:55,overcast clouds
269,Hendaye,43.3717,-1.7738,58.95,51,0,2.3,FR,2022-03-28 00:10:56,clear sky
270,Eyl,7.9803,49.8164,74.82,75,65,10.18,SO,2022-03-28 00:10:56,broken clouds
271,Sao Desiderio,-12.3633,-44.9733,78.51,57,78,1.5,BR,2022-03-28 00:10:57,broken clouds
272,Pimenta Bueno,-11.6725,-61.1936,74.59,96,100,2.84,BR,2022-03-28 00:10:57,moderate rain
273,Lorengau,-2.0226,147.2712,82.44,78,96,6.02,PG,2022-03-28 00:08:36,overcast clouds
274,Samarai,-10.6167,150.6667,83.86,71,90,0.45,PG,2022-03-28 00:10:58,overcast clouds
275,Nibbar,36.2941,8.7666,48.61,93,2,5.53,TN,2022-03-28 00:10:58,clear sky
276,Genhe,50.7833,121.5167,22.78,61,40,3.8,CN,2022-03-28 00:10:59,scattered clouds
277,Dongning,44.0622,131.1207,41.25,38,1,12.59,CN,2022-03-28 00:11:00,clear sky
278,Despotovac,44.0925,21.4469,44.55,48,33,1.21,RS,2022-03-28 00:12:00,scattered clouds
279,Kieta,-6.2167,155.6333,84.79,71,89,6.2,PG,2022-03-28 00:12:01,overcast clouds
280,Mana,5.6592,-53.7767,77.36,86,95,11.21,GF,2022-03-28 00:12:01,overcast clouds
281,Hami,42.8,93.45,47.53,39,100,12.01,CN,2022-03-28 00:12:02,overcast clouds
282,Lebu,-37.6167,-73.65,54.48,84,0,10.16,CL,2022-03-28 00:12:02,clear sky
283,Pangnirtung,66.1451,-65.7125,16.23,67,99,6.78,CA,2022-03-28 00:12:03,overcast clouds
284,Redlands,34.0556,-117.1825,78.31,30,0,12.66,US,2022-03-28 00:07:31,clear sky
285,Tsuruoka,38.7217,139.8217,45.46,50,83,21.83,JP,2022-03-28 00:12:04,broken clouds
286,Salto Del Guaira,-24.0625,-54.3069,68.43,73,0,1.34,PY,2022-03-28 00:12:04,clear sky
287,Hastings,50.8552,0.5729,47.08,94,0,8.95,GB,2022-03-28 00:12:05,clear sky
288,Bandar-E Lengeh,26.5579,54.8807,72.73,41,0,17.94,IR,2022-03-28 00:12:05,clear sky
289,Iqaluit,63.7506,-68.5145,17.33,92,100,0.0,CA,2022-03-28 00:12:06,fog
290,Gondanglegi,-7.7479,112.0132,77.13,88,100,1.81,ID,2022-03-28 00:12:07,overcast clouds
291,Belyy Yar,53.6039,91.3903,9.86,70,0,2.24,RU,2022-03-28 00:12:08,clear sky
292,Ballina,-28.8667,153.5667,71.78,99,99,5.99,AU,2022-03-28 00:12:08,light rain
293,Pryazha,61.6926,33.6216,13.24,95,84,3.89,RU,2022-03-28 00:10:28,broken clouds
294,Zonguldak,41.25,31.8333,34.52,87,43,4.18,TR,2022-03-28 00:12:09,scattered clouds
295,Maldonado,-34.6667,-54.9167,68.23,58,0,5.41,UY,2022-03-28 00:12:10,clear sky
296,Jian,27.1172,114.9793,53.38,88,93,3.65,CN,2022-03-28 00:12:10,overcast clouds
297,Leningradskiy,69.3833,178.4167,0.7,83,22,3.06,RU,2022-03-28 00:12:11,few clouds
298,Vardo,70.3705,31.1107,26.08,54,100,9.28,NO,2022-03-28 00:12:12,light snow
299,Oranjemund,-28.55,16.4333,62.8,67,0,1.95,NA,2022-03-28 00:12:12,clear sky
300,Uglegorsk,49.0833,142.0333,25.5,80,100,21.16,RU,2022-03-28 00:12:13,overcast clouds
301,Paita,-5.0892,-81.1144,73.36,76,100,10.6,PE,2022-03-28 00:12:14,overcast clouds
302,Sitka,57.0531,-135.33,44.49,70,20,9.22,US,2022-03-28 00:11:11,few clouds
303,Constitucion,-35.3333,-72.4167,56.03,80,87,13.38,CL,2022-03-28 00:09:35,overcast clouds
304,Sergeyevka,53.88,67.4158,21.69,91,67,9.89,KZ,2022-03-28 00:12:15,broken clouds
305,Whitehorse,60.7161,-135.0538,37.09,47,89,1.99,CA,2022-03-28 00:12:16,overcast clouds
306,Biak,-0.9131,122.8766,79.2,77,100,0.85,ID,2022-03-28 00:12:16,overcast clouds
307,Batagay-Alyta,67.8006,130.4114,0.37,81,50,3.76,RU,2022-03-28 00:12:17,scattered clouds
308,Komsomolskiy,40.4272,71.7189,45.55,65,5,0.22,UZ,2022-03-28 00:12:18,clear sky
309,Tigil,57.8,158.6667,28.4,77,100,20.38,RU,2022-03-28 00:12:18,light snow
310,Homer,59.6425,-151.5483,33.8,89,100,14.97,US,2022-03-28 00:12:19,light snow
311,Tres Arroyos,-38.3739,-60.2798,56.64,75,0,6.67,AR,2022-03-28 00:12:19,clear sky
312,Vadso,70.0744,29.7487,15.96,73,53,2.3,NO,2022-03-28 00:12:20,broken clouds
313,Roslavl,53.9528,32.8639,20.57,82,99,5.73,RU,2022-03-28 00:12:21,overcast clouds
314,Grand Gaube,-20.0064,57.6608,76.37,84,1,1.99,MU,2022-03-28 00:12:21,clear sky
315,Okhotsk,59.3833,143.3,9.0,72,1,18.39,RU,2022-03-28 00:12:22,clear sky
316,Bathsheba,13.2167,-59.5167,77.54,73,98,16.11,BB,2022-03-28 00:12:22,overcast clouds
317,Gigmoto,13.7796,124.39,81.27,80,100,7.94,PH,2022-03-28 00:12:23,overcast clouds
318,Price,39.5994,-110.8107,74.46,8,0,11.5,US,2022-03-28 00:09:47,clear sky
319,Turbat,26.0023,63.044,77.07,40,0,2.48,PK,2022-03-28 00:12:24,clear sky
320,Sola,-13.8833,167.55,82.94,72,98,12.06,VU,2022-03-28 00:12:25,overcast clouds
321,Ulaanbaatar,47.9077,106.8832,30.09,31,97,3.76,MN,2022-03-28 00:13:25,overcast clouds
322,Velingara,13.15,-14.1167,85.37,15,82,6.8,SN,2022-03-28 00:13:26,broken clouds
323,Kaifeng,34.7911,114.3483,47.1,58,58,9.08,CN,2022-03-28 00:13:26,broken clouds
324,Pacific Grove,36.6177,-121.9166,66.34,57,0,24.16,US,2022-03-28 00:08:27,clear sky
325,Saskylakh,71.9167,114.0833,-3.41,98,100,3.87,RU,2022-03-28 00:13:27,overcast clouds
326,Beringovskiy,63.05,179.3167,8.47,83,34,7.27,RU,2022-03-28 00:11:13,scattered clouds
327,Astoria,46.1879,-123.8313,59.47,67,0,9.22,US,2022-03-28 00:13:28,clear sky
328,Tura,25.5198,90.2201,68.27,61,1,3.83,IN,2022-03-28 00:13:29,clear sky
329,Great Falls,47.5002,-111.3008,71.67,18,0,4.61,US,2022-03-28 00:13:29,clear sky
330,Creel,27.75,-107.6333,63.25,11,100,13.53,MX,2022-03-28 00:13:30,overcast clouds
331,Luderitz,-26.6481,15.1594,63.66,71,0,5.39,NA,2022-03-28 00:13:30,clear sky
332,George,-33.963,22.4617,70.07,46,37,4.7,ZA,2022-03-28 00:13:31,scattered clouds
333,Evangelista,13.3335,121.0972,80.46,84,85,6.6,PH,2022-03-28 00:13:31,overcast clouds
334,Iralaya,15.0,-83.2333,78.58,70,19,10.67,HN,2022-03-28 00:13:31,few clouds
335,Chicama,-7.8447,-79.1469,66.74,66,92,5.59,PE,2022-03-28 00:13:32,overcast clouds
336,Port-Cartier,50.0334,-66.8654,30.74,93,100,7.07,CA,2022-03-28 00:13:33,overcast clouds
337,Tabou,4.423,-7.3528,80.19,90,87,4.83,CI,2022-03-28 00:13:34,light rain
338,Miraflores,19.2167,-98.8083,75.02,18,23,4.81,MX,2022-03-28 00:13:35,few clouds
339,Ambon,-3.6954,128.1814,78.94,89,20,4.61,ID,2022-03-28 00:13:35,few clouds
340,Anamur,36.0751,32.8369,54.73,43,0,6.38,TR,2022-03-28 00:12:30,clear sky
341,Mitsamiouli,-11.3847,43.2844,82.06,76,100,6.4,KM,2022-03-28 00:13:37,light rain
342,Broome,42.2506,-75.833,24.71,71,75,11.5,US,2022-03-28 00:13:37,broken clouds
343,Rawson,-43.3002,-65.1023,66.7,26,0,8.66,AR,2022-03-28 00:13:38,clear sky
344,Cidreira,-30.1811,-50.2056,69.28,78,0,7.34,BR,2022-03-28 00:13:39,clear sky
345,Idrinskoye,54.3708,92.1358,1.71,95,30,2.84,RU,2022-03-28 00:13:39,scattered clouds
346,Hecun,36.5333,114.1111,48.78,33,96,6.49,CN,2022-03-28 00:13:40,overcast clouds
347,Bridgeton,39.4273,-75.2341,37.06,43,0,18.41,US,2022-03-28 00:13:41,clear sky
348,Arica,-18.475,-70.3042,68.56,82,12,3.06,CL,2022-03-28 00:09:30,few clouds
349,Namibe,-15.1961,12.1522,71.98,69,95,9.62,AO,2022-03-28 00:13:42,overcast clouds
350,Namatanai,-3.6667,152.4333,83.39,74,97,6.06,PG,2022-03-28 00:13:17,light rain
351,Jilib,0.4883,42.7854,77.32,82,56,4.99,SO,2022-03-28 00:13:44,broken clouds
352,Mushie,-3.0167,16.9,73.04,93,67,1.43,CD,2022-03-28 00:13:46,light rain
353,Shihezi,44.3,86.0333,43.36,60,97,6.15,CN,2022-03-28 00:11:29,overcast clouds
354,Laguna,38.421,-121.4238,69.17,58,0,12.66,US,2022-03-28 00:13:00,clear sky
355,Anadyr,64.75,177.4833,1.9,84,75,8.95,RU,2022-03-28 00:13:47,light snow
356,Mount Isa,-20.7333,139.5,85.77,21,0,13.8,AU,2022-03-28 00:13:47,clear sky
357,Kailua,21.4022,-157.7394,79.14,68,13,4.0,US,2022-03-28 00:13:48,few clouds
358,Lata,40.1629,-8.3327,56.07,60,100,8.97,PT,2022-03-28 00:13:40,overcast clouds
359,Antofagasta,-23.65,-70.4,65.89,83,29,5.61,CL,2022-03-28 00:13:49,scattered clouds
360,Kara,9.5511,1.1861,82.62,19,6,2.91,TG,2022-03-28 00:13:50,clear sky
361,Adrar,20.5022,-10.0711,76.93,13,6,1.3,MR,2022-03-28 00:13:51,clear sky
362,Susurluk,39.9136,28.1578,45.84,69,0,4.54,TR,2022-03-28 00:14:51,clear sky
363,Ostrovnoy,68.0531,39.5131,19.85,76,100,8.28,RU,2022-03-28 00:14:52,light snow
364,Sao Pedro Do Sul,-29.6206,-54.1789,64.6,71,0,0.67,BR,2022-03-28 00:14:52,clear sky
365,Yola,9.2,12.4833,78.21,13,16,2.95,NG,2022-03-28 00:14:53,few clouds
366,Dzerzhinskoye,56.8344,95.2283,4.62,99,66,2.13,RU,2022-03-28 00:14:54,broken clouds
367,Silopi,37.2497,42.4694,40.19,73,1,3.42,TR,2022-03-28 00:14:54,clear sky
368,Hasaki,35.7333,140.8333,59.29,71,92,14.47,JP,2022-03-28 00:14:55,overcast clouds
369,Hamilton,39.1834,-84.5333,36.99,53,0,12.66,US,2022-03-28 00:11:54,clear sky
370,Thinadhoo,0.5333,72.9333,81.54,64,19,5.93,MV,2022-03-28 00:14:45,few clouds
371,Boende,-0.2167,20.8667,71.13,91,100,1.19,CD,2022-03-28 00:14:56,overcast clouds
372,Lamar,33.6668,-95.5836,76.91,41,0,13.8,US,2022-03-28 00:12:58,clear sky
373,Shimoda,34.6667,138.95,58.1,62,85,6.91,JP,2022-03-28 00:14:57,overcast clouds
374,Souillac,-20.5167,57.5167,75.58,94,40,3.44,MU,2022-03-28 00:14:58,scattered clouds
375,Karpogory,64.0019,44.4451,10.67,89,100,9.89,RU,2022-03-28 00:14:58,overcast clouds
376,Sinop,41.7711,34.8709,28.94,75,59,7.25,TR,2022-03-28 00:14:59,broken clouds
377,Snyder,32.7179,-100.9176,92.08,3,0,11.5,US,2022-03-28 00:14:59,clear sky
378,Qandala,11.472,49.8728,76.71,54,3,2.91,SO,2022-03-28 00:15:00,clear sky
379,Pucallpa,-8.3791,-74.5539,77.04,88,40,10.36,PE,2022-03-28 00:15:00,scattered clouds
380,Bowen,-20.0167,148.2333,82.49,62,5,4.18,AU,2022-03-28 00:15:01,clear sky
381,Faanui,-16.4833,-151.75,82.17,72,24,11.54,PF,2022-03-28 00:15:02,few clouds
382,Saldanha,-33.0117,17.9442,62.6,74,7,6.51,ZA,2022-03-28 00:15:03,clear sky
383,Kuching,1.55,110.3333,75.42,100,20,1.14,MY,2022-03-28 00:15:04,few clouds
384,Azare,11.6765,10.1948,71.55,13,12,9.57,NG,2022-03-28 00:15:05,few clouds
385,Bafra,41.5678,35.9069,48.81,81,74,5.97,TR,2022-03-28 00:15:05,broken clouds
386,Svetlaya,46.5389,138.3297,34.23,57,100,7.0,RU,2022-03-28 00:15:06,overcast clouds
387,Port-Gentil,-0.7193,8.7815,81.45,84,86,12.73,GA,2022-03-28 00:15:07,overcast clouds
388,Coolum Beach,-26.5333,153.1,73.35,97,97,12.21,AU,2022-03-28 00:15:08,light rain
389,Padang,-0.9492,100.3543,66.25,62,56,4.14,ID,2022-03-28 00:15:08,broken clouds
390,Rakaia,-43.75,172.0167,69.37,62,0,14.52,NZ,2022-03-28 00:15:09,clear sky
391,Sale,34.0389,-6.8166,66.63,94,100,0.0,MA,2022-03-28 00:15:10,overcast clouds
392,Necochea,-38.5473,-58.7368,58.71,60,0,5.41,AR,2022-03-28 00:15:10,clear sky
393,Querfurt,51.3833,11.6,50.67,87,1,2.24,DE,2022-03-28 00:15:12,clear sky
394,Akhtanizovskaya,45.32,37.1,32.49,49,37,17.6,RU,2022-03-28 00:14:47,scattered clouds
395,Nakusp,50.2499,-117.8023,47.48,87,99,1.14,CA,2022-03-28 00:15:12,overcast clouds
396,Bairiki,1.3292,172.9752,86.0,70,75,9.22,KI,2022-03-28 00:15:13,broken clouds
397,Carutapera,-1.195,-46.02,76.55,89,100,5.77,BR,2022-03-28 00:15:13,moderate rain
398,Chapais,49.7834,-74.8492,2.98,93,100,11.61,CA,2022-03-28 00:15:14,light snow
399,Ouadda,8.0777,22.4007,67.14,18,53,2.84,CF,2022-03-28 00:15:14,broken clouds
400,Nantucket,41.2835,-70.0995,44.74,63,100,19.57,US,2022-03-28 00:15:15,overcast clouds
401,Muravlenko,63.7898,74.523,10.72,95,100,12.91,RU,2022-03-28 00:15:16,overcast clouds
402,Juybar,36.6412,52.9124,49.1,72,56,5.1,IR,2022-03-28 00:15:16,broken clouds
403,Vila Velha,-20.3297,-40.2925,78.94,89,2,5.99,BR,2022-03-28 00:15:17,clear sky
404,Kolo,52.2002,18.6387,41.02,53,13,10.4,PL,2022-03-28 00:15:17,few clouds
405,Rio Rancho,35.2334,-106.6645,80.53,9,0,11.5,US,2022-03-28 00:15:18,clear sky
406,Zarate,-34.0981,-59.0286,69.84,68,0,0.36,AR,2022-03-28 00:15:19,clear sky
407,Monrovia,6.3005,-10.7969,79.84,89,90,7.54,LR,2022-03-28 00:15:47,overcast clouds
408,Klaksvik,62.2266,-6.589,40.12,82,100,15.41,FO,2022-03-28 00:16:20,overcast clouds
409,Cayenne,4.9333,-52.3333,81.09,1,75,8.05,GF,2022-03-28 00:16:20,broken clouds
410,Moura,38.1401,-7.4486,55.51,74,100,4.81,PT,2022-03-28 00:16:21,overcast clouds
411,Bar Harbor,44.3876,-68.2039,42.24,77,100,4.61,US,2022-03-28 00:16:22,overcast clouds
412,Dondo,-19.6094,34.7431,71.15,97,100,5.35,MZ,2022-03-28 00:16:23,overcast clouds
413,Quatre Cocos,-20.2078,57.7625,76.08,73,9,7.16,MU,2022-03-28 00:16:24,clear sky
414,Sungaipenuh,-2.0833,101.3833,64.67,82,95,3.36,ID,2022-03-28 00:16:25,overcast clouds
415,Balkhash,46.844,74.9804,31.87,85,44,9.04,KZ,2022-03-28 00:16:25,scattered clouds
416,Owando,-0.4819,15.8999,73.87,83,79,2.57,CG,2022-03-28 00:16:26,broken clouds
417,Petropavlovsk-Kamchatskiy,53.0452,158.6483,34.39,93,100,8.95,RU,2022-03-28 00:16:27,light shower snow
418,Micheweni,-4.9667,39.8333,81.52,82,27,6.29,TZ,2022-03-28 00:16:27,light rain
419,Ljungby,56.8332,13.9408,40.15,89,18,13.06,SE,2022-03-28 00:16:28,few clouds
420,Igarka,67.4667,86.5833,-15.72,100,94,5.01,RU,2022-03-28 00:16:28,overcast clouds
421,Sumbe,-11.2061,13.8437,78.4,88,100,3.24,AO,2022-03-28 00:16:29,overcast clouds
422,Alofi,-19.0595,-169.9187,84.09,79,100,10.36,NU,2022-03-28 00:15:18,overcast clouds
423,Krasnoselkup,65.7,82.4667,0.05,100,73,7.85,RU,2022-03-28 00:16:30,broken clouds
424,Muros,42.7762,-9.0603,55.09,83,100,4.97,ES,2022-03-28 00:16:30,overcast clouds
425,Jalu,29.0331,21.5482,60.39,21,0,10.33,LY,2022-03-28 00:16:31,clear sky
426,Mikhaylovka,50.06,43.2379,25.79,81,96,17.54,RU,2022-03-28 00:16:31,light snow
427,Aklavik,68.2191,-135.0107,4.89,83,93,2.64,CA,2022-03-28 00:16:32,overcast clouds
428,Palasa,18.7667,84.4167,78.17,93,46,7.38,IN,2022-03-28 00:16:33,scattered clouds
429,Jiamusi,46.8333,130.35,37.53,59,13,8.19,CN,2022-03-28 00:16:34,few clouds
430,Pashiya,58.4324,58.2562,32.22,98,100,11.18,RU,2022-03-28 00:16:34,light snow
431,Canico,32.6333,-16.85,62.06,86,40,5.75,PT,2022-03-28 00:16:35,scattered clouds
432,Veraval,20.9,70.3667,77.72,62,9,11.1,IN,2022-03-28 00:16:36,clear sky
433,Alice Springs,-23.7,133.8833,78.35,19,2,1.14,AU,2022-03-28 00:15:43,clear sky
434,Nokha,27.6,73.4167,76.95,15,0,9.1,IN,2022-03-28 00:16:36,clear sky
435,Puerto Colombia,10.9878,-74.9547,80.69,87,31,23.06,CO,2022-03-28 00:16:37,scattered clouds
436,Paamiut,61.994,-49.6678,23.97,81,89,6.15,GL,2022-03-28 00:16:37,overcast clouds
437,La Ronge,55.1001,-105.2842,21.42,73,100,12.66,CA,2022-03-28 00:15:47,overcast clouds
438,Baykit,61.67,96.37,-3.73,100,76,3.91,RU,2022-03-28 00:16:38,broken clouds
439,Bouca,6.5105,18.2733,73.89,24,97,2.04,CF,2022-03-28 00:16:39,overcast clouds
440,Esil,51.9556,66.4042,12.74,96,56,10.22,KZ,2022-03-28 00:16:39,broken clouds
441,Esmeraldas,-19.7625,-44.3139,79.66,83,20,2.82,BR,2022-03-28 00:16:40,light rain
442,Guerrero Negro,27.9769,-114.0611,68.4,56,100,12.41,MX,2022-03-28 00:15:39,overcast clouds
443,Nyurba,63.2842,118.3319,6.19,98,100,4.29,RU,2022-03-28 00:16:40,overcast clouds
444,Borazjan,29.2666,51.2159,57.04,30,0,3.96,IR,2022-03-28 00:16:41,clear sky
445,Yamada,39.4667,141.95,45.19,54,22,10.54,JP,2022-03-28 00:16:42,few clouds
446,Puerto Escondido,15.85,-97.0667,83.23,74,75,0.0,MX,2022-03-28 00:16:42,broken clouds
447,West Plains,36.7281,-91.8524,52.63,30,0,4.61,US,2022-03-28 00:16:43,clear sky
448,Dzaoudzi,-12.7887,45.2699,76.89,88,0,5.75,YT,2022-03-28 00:16:43,clear sky
449,Lahad Datu,5.0268,118.327,76.08,91,95,3.78,MY,2022-03-28 00:16:44,overcast clouds
450,Stornoway,58.2093,-6.3865,44.92,87,46,0.0,GB,2022-03-28 00:16:44,haze
451,Martapura,-3.4167,114.85,75.29,88,0,5.75,ID,2022-03-28 00:16:45,clear sky
452,Weligama,5.9667,80.4167,76.19,91,16,5.41,LK,2022-03-28 00:16:46,few clouds
453,Yendi,9.4427,-0.0099,89.33,28,21,3.62,GH,2022-03-28 00:16:22,few clouds
454,Mehamn,71.0357,27.8492,20.88,83,98,4.59,NO,2022-03-28 00:15:03,light snow
455,Khani,41.9563,42.9566,26.17,98,92,3.44,GE,2022-03-28 00:17:47,snow
456,Cervo,43.6702,-7.4101,54.97,74,100,0.67,ES,2022-03-28 00:17:47,overcast clouds
457,Sretensk,52.2453,117.7093,20.82,71,18,6.78,RU,2022-03-28 00:17:48,few clouds
458,Kulhudhuffushi,6.6221,73.07,82.31,67,4,4.65,MV,2022-03-28 00:17:48,clear sky
459,Pemberton,50.3164,-122.8027,47.89,100,100,2.68,CA,2022-03-28 00:17:49,overcast clouds
460,Olga,43.7444,135.2892,39.18,55,2,15.7,RU,2022-03-28 00:17:50,clear sky
461,Smolenka,52.1352,113.4974,23.07,33,68,8.95,RU,2022-03-28 00:17:50,broken clouds
462,Jibuti,11.5,42.5,72.75,55,4,8.21,DJ,2022-03-28 00:17:51,clear sky
463,Kavaratti,10.5669,72.642,82.58,75,13,6.67,IN,2022-03-28 00:17:52,few clouds
464,Guspini,39.5406,8.6294,49.73,65,18,3.09,IT,2022-03-28 00:17:52,few clouds
465,Davila,18.4726,120.5763,84.18,70,2,5.46,PH,2022-03-28 00:17:53,clear sky
466,Kuzino,57.0224,59.4412,31.71,96,100,10.42,RU,2022-03-28 00:17:54,light snow
467,Zyryanka,65.75,150.85,4.69,90,77,7.11,RU,2022-03-28 00:17:55,broken clouds
468,Lincoln,40.8,-96.667,41.9,29,0,10.36,US,2022-03-28 00:17:37,clear sky
469,Kristianstad,56.0313,14.1524,41.14,93,33,12.66,SE,2022-03-28 00:17:55,scattered clouds
470,Moanda,-1.5575,13.2178,73.54,91,99,3.78,GA,2022-03-28 00:17:56,light rain
471,Ferme-Neuve,46.7001,-75.4493,12.67,87,100,11.77,CA,2022-03-28 00:17:57,light snow
472,Pervomayskoye,43.919,46.7102,39.06,71,89,15.88,RU,2022-03-28 00:17:57,overcast clouds
473,Dabola,10.75,-11.1167,79.16,61,85,2.91,GN,2022-03-28 00:17:58,light rain
474,Sumenep,-7.0167,113.8667,79.79,82,99,3.56,ID,2022-03-28 00:17:58,overcast clouds
475,Nara,34.6851,135.8049,54.77,34,76,8.52,JP,2022-03-28 00:17:59,broken clouds
476,Itarema,-2.9248,-39.9167,77.54,90,100,7.99,BR,2022-03-28 00:18:00,overcast clouds
477,Matara,5.9485,80.5353,76.24,91,18,5.35,LK,2022-03-28 00:18:00,few clouds
478,Ushtobe,45.2514,77.9838,39.6,66,99,5.59,KZ,2022-03-28 00:18:01,overcast clouds
479,Hobyo,5.3505,48.5268,79.52,65,99,12.71,SO,2022-03-28 00:18:02,overcast clouds
480,Skjervoy,70.0311,20.9714,21.2,68,98,23.62,NO,2022-03-28 00:18:02,overcast clouds
481,Katangli,51.7102,143.2326,17.06,80,100,24.34,RU,2022-03-28 00:18:03,overcast clouds
482,Sesvete,45.8311,16.1164,54.81,63,0,2.3,HR,2022-03-28 00:18:04,clear sky
483,Waynesboro,38.0685,-78.8895,36.79,42,0,13.8,US,2022-03-28 00:15:47,clear sky
484,Shache,38.4167,77.2406,49.42,26,26,7.43,CN,2022-03-28 00:18:05,scattered clouds
485,Chokurdakh,70.6333,147.9167,-5.31,95,73,5.32,RU,2022-03-28 00:18:05,broken clouds
486,Evensk,61.95,159.2333,14.22,77,96,25.21,RU,2022-03-28 00:18:06,overcast clouds
487,Vila Franca Do Campo,37.7167,-25.4333,59.41,85,34,8.77,PT,2022-03-28 00:18:06,scattered clouds
488,Inhambane,-23.865,35.3833,74.95,81,35,8.99,MZ,2022-03-28 00:18:07,scattered clouds
489,Graaff-Reinet,-32.2522,24.5308,70.65,32,26,6.15,ZA,2022-03-28 00:18:08,scattered clouds
490,Santa Isabel Do Rio Negro,-0.4139,-65.0192,74.19,99,96,2.8,BR,2022-03-28 00:18:08,overcast clouds
491,Livadiya,42.8692,132.6764,38.12,62,1,11.68,RU,2022-03-28 00:18:09,clear sky
492,Vestmannaeyjar,63.4427,-20.2734,41.99,87,100,33.38,IS,2022-03-28 00:18:10,overcast clouds
493,Porto Novo,6.4965,2.6036,84.02,81,9,7.4,BJ,2022-03-28 00:18:10,clear sky
494,Nantong,32.0303,120.8747,52.0,51,100,3.0,CN,2022-03-28 00:18:11,overcast clouds
495,Panama City,8.9936,-79.5197,82.35,78,20,12.66,PA,2022-03-28 00:18:11,few clouds
496,Berlevag,70.8578,29.0864,13.8,70,100,5.91,NO,2022-03-28 00:17:54,light snow
497,Sawakin,19.1059,37.3321,72.1,60,0,9.73,SD,2022-03-28 00:18:12,clear sky
498,Sabang,5.8933,95.3214,82.99,68,40,2.62,ID,2022-03-28 00:17:09,scattered clouds
499,Araouane,18.9048,-3.5265,83.91,15,59,10.54,ML,2022-03-28 00:19:13,broken clouds
500,Calella,41.618,2.6678,57.24,60,0,6.11,ES,2022-03-28 00:19:14,clear sky
501,Dunedin,-45.8742,170.5036,63.81,76,0,13.0,NZ,2022-03-28 00:19:15,clear sky
502,Ishigaki,24.3448,124.1572,68.13,100,75,19.57,JP,2022-03-28 00:19:15,broken clouds
503,Antalaha,-14.9003,50.2788,74.48,90,44,4.7,MG,2022-03-28 00:19:16,scattered clouds
504,Sao Felix Do Xingu,-6.6447,-51.995,73.65,98,93,1.39,BR,2022-03-28 00:19:17,overcast clouds
505,Harper,4.375,-7.7169,80.13,90,91,5.01,LR,2022-03-28 00:19:17,light rain
506,Ucluelet,48.9329,-125.5528,50.09,93,100,1.01,CA,2022-03-28 00:19:18,light rain
507,Soavinandriana,-19.1667,46.7333,59.7,95,93,3.09,MG,2022-03-28 00:19:18,overcast clouds
508,Gulu,2.7746,32.299,65.35,95,99,4.05,UG,2022-03-28 00:19:19,overcast clouds
509,Ginda,30.6945,78.4932,54.41,22,5,8.05,IN,2022-03-28 00:19:19,clear sky
510,Qui Nhon,13.7667,109.2333,78.26,87,100,8.75,VN,2022-03-28 00:15:43,overcast clouds
511,Kahului,20.8947,-156.47,84.22,56,40,18.41,US,2022-03-28 00:19:20,scattered clouds
512,Seoul,37.5683,126.9778,42.24,22,18,0.54,KR,2022-03-28 00:14:58,few clouds
513,Antsohihy,-14.8796,47.9875,74.28,97,93,1.57,MG,2022-03-28 00:19:21,overcast clouds
514,Katima Mulilo,-17.5,24.2667,67.33,85,44,3.47,NA,2022-03-28 00:19:21,scattered clouds
515,Penzance,50.1186,-5.5371,48.88,92,7,13.27,GB,2022-03-28 00:19:22,clear sky
516,Arenys De Mar,41.5819,2.5494,56.91,50,1,1.99,ES,2022-03-28 00:19:22,clear sky
517,Ojinaga,29.5667,-104.4167,94.15,10,0,8.05,MX,2022-03-28 00:17:44,clear sky
518,Bandarbeyla,9.4942,50.8122,77.31,72,10,11.79,SO,2022-03-28 00:19:23,clear sky
519,Revelstoke,50.9832,-118.2023,42.82,87,100,0.0,CA,2022-03-28 00:16:38,overcast clouds
520,High Rock,26.6208,-78.2833,69.82,49,0,15.95,BS,2022-03-28 00:19:24,clear sky
521,Wanaka,-44.7,169.15,66.11,59,0,1.01,NZ,2022-03-28 00:19:24,clear sky
522,Bac Lieu,9.285,105.7244,82.62,73,37,4.43,VN,2022-03-28 00:19:09,scattered clouds
523,Watsa,3.0372,29.5355,64.76,93,100,3.22,CD,2022-03-28 00:19:25,overcast clouds
524,Diu,20.7141,70.9822,79.29,46,17,10.87,IN,2022-03-28 00:19:26,few clouds
525,Pont-Sainte-Maxence,49.3017,2.6047,55.26,70,0,2.39,FR,2022-03-28 00:19:26,clear sky
526,Salisbury,51.0693,-1.7957,47.01,90,0,5.75,GB,2022-03-28 00:15:47,clear sky
527,Tisovec,48.6774,19.9436,45.41,61,19,1.23,SK,2022-03-28 00:19:27,few clouds
528,Ust-Kuyga,70.0167,135.6,2.59,96,99,8.12,RU,2022-03-28 00:19:28,overcast clouds
529,Udachnyy,66.4167,112.4,7.45,92,100,3.89,RU,2022-03-28 00:19:28,overcast clouds
530,Khuzdar,27.7384,66.6434,67.46,18,0,5.06,PK,2022-03-28 00:19:29,clear sky
531,Havelock,34.8791,-76.9013,58.98,38,3,8.23,US,2022-03-28 00:18:28,clear sky
532,Chinsali,-10.5414,32.0816,63.09,96,83,3.2,ZM,2022-03-28 00:19:29,broken clouds
533,Popondetta,-8.7537,148.2534,81.91,86,96,2.42,PG,2022-03-28 00:19:30,overcast clouds
534,Kruisfontein,-34.0033,24.7314,62.89,76,69,5.32,ZA,2022-03-28 00:19:30,broken clouds
535,Clyde River,70.4692,-68.5914,-7.37,77,40,5.75,CA,2022-03-28 00:19:31,scattered clouds
536,Blyth,55.1271,-1.5086,52.47,96,0,2.3,GB,2022-03-28 00:19:32,clear sky
537,Port Augusta,-32.5,137.7667,77.74,35,100,11.86,AU,2022-03-28 00:17:52,overcast clouds
538,Tournon-Sur-Rhone,45.0667,4.8333,55.26,60,8,1.83,FR,2022-03-28 00:19:32,clear sky
539,Save,8.0425,2.486,82.56,68,49,6.11,BJ,2022-03-28 00:19:36,scattered clouds
540,Sioux Lookout,50.1001,-91.917,12.27,37,0,9.22,CA,2022-03-28 00:19:36,clear sky
541,Santa Rosa,14.3122,121.1114,85.01,67,89,8.57,PH,2022-03-28 00:19:37,overcast clouds
542,Jablah,35.3614,35.9256,44.89,81,0,5.75,SY,2022-03-28 00:19:37,clear sky
543,Vila,42.0304,-8.1588,47.28,75,85,3.71,PT,2022-03-28 00:19:38,overcast clouds
544,Ramhormoz,31.28,49.6035,56.41,31,0,5.75,IR,2022-03-28 00:19:39,clear sky
545,Moree,-29.4667,149.85,75.22,64,40,8.05,AU,2022-03-28 00:20:39,scattered clouds
546,Tigzirt,36.8886,4.1198,54.41,85,10,5.48,DZ,2022-03-28 00:20:40,clear sky
547,Imbituba,-28.24,-48.6703,69.42,85,20,2.15,BR,2022-03-28 00:20:40,few clouds
548,Bonavista,48.6499,-53.1147,33.12,96,100,24.74,CA,2022-03-28 00:20:41,snow
549,Stoughton,42.1251,-71.1023,41.34,53,96,8.01,US,2022-03-28 00:20:42,overcast clouds
550,Diffa,13.3154,12.6113,73.65,20,40,13.09,NE,2022-03-28 00:20:43,scattered clouds
551,Broken Hill,-31.95,141.4333,75.13,41,66,6.87,AU,2022-03-28 00:19:23,broken clouds
552,Omboue,-1.5746,9.2618,78.24,92,85,5.46,GA,2022-03-28 00:20:43,light rain
553,Nouadhibou,20.931,-17.0347,64.38,94,100,3.44,MR,2022-03-28 00:20:44,overcast clouds
554,San Jose,37.3394,-121.895,67.57,56,75,17.0,US,2022-03-28 00:16:13,broken clouds
555,Lagoa,39.05,-27.9833,58.69,85,99,11.7,PT,2022-03-28 00:20:45,overcast clouds
556,Nawalapitiya,7.0559,80.5348,68.11,92,10,3.67,LK,2022-03-28 00:20:45,clear sky
557,Manali,13.1667,80.2667,82.49,92,7,9.48,IN,2022-03-28 00:20:46,clear sky
558,Kokuy,52.2037,117.5529,21.99,71,22,8.5,RU,2022-03-28 00:20:46,few clouds
559,Riverton,40.5219,-111.9391,76.1,13,0,20.71,US,2022-03-28 00:19:34,clear sky
560,Blackwater,-23.5833,148.8833,79.18,55,38,2.73,AU,2022-03-28 00:20:47,scattered clouds
561,Bilma,18.6853,12.9164,70.54,11,0,7.07,NE,2022-03-28 00:20:47,clear sky
562,Srednekolymsk,67.45,153.6833,9.77,76,41,3.65,RU,2022-03-28 00:20:48,scattered clouds
563,Khamaria,23.2167,79.8833,75.7,15,7,2.71,IN,2022-03-28 00:20:49,clear sky
564,Tahe,52.3333,124.7333,28.15,66,69,4.61,CN,2022-03-28 00:20:49,broken clouds
565,Tongliao,43.6125,122.2653,41.05,25,1,17.92,CN,2022-03-28 00:20:50,clear sky
566,Simao,22.7886,100.9748,57.27,79,0,2.01,CN,2022-03-28 00:20:50,clear sky
567,Meadow Lake,34.8014,-106.5436,79.45,8,98,10.29,US,2022-03-28 00:20:51,overcast clouds
568,Yudong,29.385,106.5194,58.37,99,0,2.57,CN,2022-03-28 00:20:51,clear sky
569,Hailey,43.5196,-114.3153,62.46,27,75,5.75,US,2022-03-28 00:20:52,broken clouds
570,Miri,4.4148,114.0089,75.34,88,20,0.0,MY,2022-03-28 00:20:53,few clouds
571,Samarinda,-0.5,117.15,75.87,94,100,1.66,ID,2022-03-28 00:20:53,overcast clouds
572,Conde,-7.2597,-34.9075,78.26,94,75,2.3,BR,2022-03-28 00:18:11,broken clouds
573,Bikaner,28.0167,73.3,78.57,14,0,9.22,IN,2022-03-28 00:20:54,clear sky
574,Dongsheng,39.8161,109.9776,35.53,44,2,13.56,CN,2022-03-28 00:20:55,clear sky
575,Leopold,-38.1833,144.4667,73.06,62,100,1.99,AU,2022-03-28 00:20:55,overcast clouds
576,Ulundi,-28.3352,31.4162,65.35,96,88,0.47,ZA,2022-03-28 00:20:56,overcast clouds
577,Ostersund,63.1792,14.6357,36.61,87,75,27.63,SE,2022-03-28 00:20:56,broken clouds
578,Barranca,-10.75,-77.7667,71.42,78,96,7.85,PE,2022-03-28 00:20:57,overcast clouds
579,Kandrian,-6.2167,149.55,86.79,64,100,7.05,PG,2022-03-28 00:20:58,overcast clouds
580,Awash,8.9833,40.1667,71.71,47,69,1.95,ET,2022-03-28 00:20:58,broken clouds
581,Saint-Joseph,-21.3667,55.6167,77.38,84,28,7.36,RE,2022-03-28 00:20:59,scattered clouds
582,Jiangkou,25.4872,119.1986,54.34,76,98,13.89,CN,2022-03-28 00:21:00,overcast clouds
583,Saravan,39.7196,45.6483,20.35,86,64,4.76,AM,2022-03-28 00:21:00,broken clouds
584,Hovd,48.0056,91.6419,30.07,44,6,10.04,MN,2022-03-28 00:21:01,clear sky
585,Khartoum,15.5518,32.5324,76.01,15,11,1.99,SD,2022-03-28 00:18:04,few clouds
586,Iquique,-20.2208,-70.1431,67.26,83,19,4.32,CL,2022-03-28 00:21:02,few clouds
587,Santa Cruz,-17.8,-63.1667,69.26,88,36,3.44,BO,2022-03-28 00:21:02,scattered clouds
588,Palmer,42.1584,-72.3287,35.15,53,100,18.41,US,2022-03-28 00:21:03,overcast clouds
589,Baft,29.234,56.6057,47.21,8,0,4.43,IR,2022-03-28 00:21:04,clear sky
590,Fallon,39.4735,-118.7774,75.07,13,75,3.44,US,2022-03-28 00:21:02,broken clouds
591,Santa Helena De Goias,-17.8136,-50.5969,71.83,85,99,4.43,BR,2022-03-28 00:22:05,overcast clouds
592,Champerico,14.3,-91.9167,82.99,64,74,1.5,GT,2022-03-28 00:22:05,broken clouds
593,Honningsvag,70.9821,25.9704,17.35,79,100,3.44,NO,2022-03-28 00:22:06,overcast clouds
594,Loma Bonita,8.3833,-80.1667,81.79,75,89,16.28,PA,2022-03-28 00:22:07,overcast clouds
595,Makat,47.6469,53.3463,41.0,81,100,19.08,KZ,2022-03-28 00:22:07,overcast clouds
596,Saint Anthony,45.0205,-93.218,29.93,32,0,10.36,US,2022-03-28 00:17:39,clear sky
597,Campo Maior,-4.8278,-42.1686,74.08,95,100,4.52,BR,2022-03-28 00:22:08,heavy intensity rain
598,Gurgentepe,40.7883,37.6017,31.89,95,100,2.26,TR,2022-03-28 00:22:08,snow
599,Hailar,49.2,119.7,16.47,59,4,7.94,CN,2022-03-28 00:22:09,clear sky
600,Turukhansk,65.8167,87.9833,-16.28,100,100,5.17,RU,2022-03-28 00:21:20,overcast clouds
601,Maraba,-5.3686,-49.1178,77.18,100,20,1.14,BR,2022-03-28 00:22:10,thunderstorm
602,Myitkyina,25.3833,97.4,64.0,69,0,3.94,MM,2022-03-28 00:22:11,clear sky
603,Melnikovo,56.5558,84.085,6.26,94,9,5.73,RU,2022-03-28 00:22:11,clear sky
604,Kulynychi,49.9823,36.3842,28.44,50,39,13.11,UA,2022-03-28 00:22:12,scattered clouds
605,Chara,56.9064,118.2631,15.51,77,100,4.29,RU,2022-03-28 00:22:13,overcast clouds
606,Barcelos,41.5388,-8.6151,58.84,75,95,4.45,PT,2022-03-28 00:22:13,overcast clouds
607,Sorland,67.667,12.6934,36.03,87,100,9.89,NO,2022-03-28 00:22:14,overcast clouds
608,Atambua,-9.1061,124.8925,77.09,80,75,0.85,ID,2022-03-28 00:22:14,broken clouds
609,Arkhara,49.4212,130.0842,23.23,89,31,4.41,RU,2022-03-28 00:22:15,scattered clouds
610,Biskamzha,53.4497,89.5272,11.32,88,100,3.78,RU,2022-03-28 00:18:56,overcast clouds
611,Ixtapa,20.7,-105.2,74.43,73,0,9.22,MX,2022-03-28 00:22:15,clear sky
612,Katobu,-4.9408,122.5276,79.56,84,89,1.66,ID,2022-03-28 00:22:16,overcast clouds
613,Valladolid,41.5833,-4.6667,49.28,82,99,5.26,ES,2022-03-28 00:18:23,overcast clouds
614,Anjozorobe,-18.4,47.8667,62.89,94,73,1.61,MG,2022-03-28 00:22:17,broken clouds
615,Ruteng,-8.6136,120.4721,68.61,76,99,0.47,ID,2022-03-28 00:22:17,overcast clouds
616,Portland,45.5234,-122.6762,69.84,57,100,1.99,US,2022-03-28 00:19:43,overcast clouds
617,Lasa,46.6166,10.7002,41.88,69,4,0.65,IT,2022-03-28 00:22:18,clear sky
618,Salina,38.8403,-97.6114,53.31,32,0,13.8,US,2022-03-28 00:20:17,clear sky
619,Ozinki,51.1786,49.6769,17.85,95,49,10.85,RU,2022-03-28 00:22:19,scattered clouds
620,Ornskoldsvik,63.2909,18.7153,40.15,81,100,18.41,SE,2022-03-28 00:22:20,overcast clouds
621,Rio Gallegos,-51.6226,-69.2181,46.45,57,0,11.5,AR,2022-03-28 00:17:51,clear sky
622,Grojec,51.8625,20.8676,45.39,51,24,11.52,PL,2022-03-28 00:22:20,few clouds
623,Lieksa,63.3167,30.0167,19.6,93,100,11.18,FI,2022-03-28 00:22:21,light snow
624,Hofn,64.2539,-15.2082,32.45,76,100,7.56,IS,2022-03-28 00:22:21,overcast clouds
625,Nemuro,43.3236,145.575,36.59,72,81,16.15,JP,2022-03-28 00:22:22,broken clouds
626,Bimbo,4.2567,18.4158,80.53,74,20,0.0,CF,2022-03-28 00:22:23,few clouds
627,Paramonga,-10.6667,-77.8333,71.64,81,94,8.68,PE,2022-03-28 00:22:23,overcast clouds
628,Leshukonskoye,64.8989,45.7622,7.09,92,100,8.7,RU,2022-03-28 00:22:24,overcast clouds
629,Boueni,-12.9025,45.0761,76.98,77,80,1.52,YT,2022-03-28 00:22:24,broken clouds
630,Paranaiba,-19.6772,-51.1908,73.33,89,99,3.2,BR,2022-03-28 00:22:25,overcast clouds
631,Maniitsoq,65.4167,-52.9,24.58,72,90,7.18,GL,2022-03-28 00:22:26,overcast clouds
632,Isabela,6.7085,121.9711,82.45,81,91,4.83,PH,2022-03-28 00:22:27,moderate rain
633,Neiafu,-18.65,-173.9833,81.28,94,75,8.05,TO,2022-03-28 00:22:27,broken clouds
634,Buluang,13.3068,123.3425,82.35,74,80,3.85,PH,2022-03-28 00:22:28,broken clouds
635,Vegreville,53.5001,-112.0518,32.7,69,93,5.75,CA,2022-03-28 00:21:14,overcast clouds
636,Novo Selo,41.4139,22.8811,51.04,56,84,3.44,MK,2022-03-28 00:22:29,broken clouds
637,Kambia,9.1167,-12.9167,75.11,78,72,4.36,SL,2022-03-28 00:22:29,light rain
638,Yaan,7.3833,8.5667,84.04,13,10,3.67,NG,2022-03-28 00:23:30,clear sky
639,Vidalia,32.2177,-82.4135,67.95,28,0,5.75,US,2022-03-28 00:19:14,clear sky
640,Jurado,7.1053,-77.7641,77.56,88,100,1.52,CO,2022-03-28 00:23:30,overcast clouds
641,Phuket,8.0,98.25,88.12,88,20,2.3,TH,2022-03-28 00:23:31,few clouds
642,Road Town,18.4167,-64.6167,78.84,73,40,4.61,VG,2022-03-28 00:23:31,scattered clouds
643,Contamana,-7.3333,-75.0167,74.16,96,100,3.24,PE,2022-03-28 00:23:32,overcast clouds
644,Aix-Les-Bains,45.6834,5.9224,47.79,69,0,2.3,FR,2022-03-28 00:23:33,clear sky
645,Rio Grande,-32.035,-52.0986,69.49,71,1,2.51,BR,2022-03-28 00:22:11,light rain
646,Pombia,45.653,8.6336,54.34,40,5,1.99,IT,2022-03-28 00:23:33,clear sky
647,Hirara,24.8,125.2833,67.86,94,75,20.71,JP,2022-03-28 00:23:34,broken clouds
648,Shelburne,44.0787,-80.2041,14.76,87,87,17.72,CA,2022-03-28 00:23:35,overcast clouds
649,Karagay,58.2667,54.9368,28.13,90,95,11.23,RU,2022-03-28 00:23:35,overcast clouds
650,Donskoy,53.9711,38.3363,18.68,80,79,14.23,RU,2022-03-28 00:23:36,broken clouds
651,Deep River,46.1001,-77.4995,13.42,77,100,11.65,CA,2022-03-28 00:23:37,overcast clouds
652,Malinovoye Ozero,51.6753,79.7825,29.37,98,100,6.98,RU,2022-03-28 00:23:37,overcast clouds
653,Chamba,32.5667,76.1333,63.55,30,0,10.65,IN,2022-03-28 00:23:38,clear sky
654,Karratha,-20.7377,116.8463,81.7,72,97,8.21,AU,2022-03-28 00:23:38,overcast clouds
655,Gusau,12.1628,6.6614,77.18,11,28,12.73,NG,2022-03-28 00:23:39,scattered clouds
656,Camacha,33.0833,-16.3333,56.62,82,20,6.91,PT,2022-03-28 00:23:39,few clouds
657,Kalmunai,7.4167,81.8167,78.19,84,11,3.02,LK,2022-03-28 00:23:40,few clouds
658,Belle Glade,26.6845,-80.6676,72.01,37,0,2.77,US,2022-03-28 00:23:20,clear sky
659,Privolnyy,44.0998,46.6587,39.04,67,93,16.44,RU,2022-03-28 00:23:41,overcast clouds
660,Pa Sang,18.5262,98.9394,79.02,49,28,1.7,TH,2022-03-28 00:23:41,scattered clouds
661,Lukulu,-14.3707,23.242,65.35,85,71,3.62,ZM,2022-03-28 00:23:42,broken clouds
662,Cockburn Town,21.4612,-71.1419,76.59,70,81,17.96,TC,2022-03-28 00:23:43,broken clouds
663,Tomatlan,19.9333,-105.25,83.48,31,31,6.51,MX,2022-03-28 00:23:43,scattered clouds
664,Morro Bay,35.3658,-120.8499,64.18,75,54,1.99,US,2022-03-28 00:23:44,broken clouds
665,Sept-Iles,50.2001,-66.3821,32.43,96,100,10.36,CA,2022-03-28 00:21:29,overcast clouds
666,Alexandria,31.2156,29.9553,56.66,67,0,8.79,EG,2022-03-28 00:21:55,clear sky
667,Brae,60.3964,-1.353,47.43,86,9,16.87,GB,2022-03-28 00:23:44,clear sky
668,Winnemucca,40.973,-117.7357,71.65,18,0,0.0,US,2022-03-28 00:23:45,clear sky
669,Tokur,53.1333,132.9,14.43,76,58,2.1,RU,2022-03-28 00:23:46,broken clouds
670,Catuday,16.2923,119.8062,80.62,73,25,4.85,PH,2022-03-28 00:23:46,scattered clouds
671,Huaiyin,33.5886,119.0192,45.59,62,95,11.81,CN,2022-03-28 00:23:47,overcast clouds
672,Catio,11.2833,-15.25,75.56,62,65,8.28,GW,2022-03-28 00:23:47,broken clouds
673,Altamira,-3.2033,-52.2064,74.44,98,99,2.3,BR,2022-03-28 00:23:48,heavy intensity rain
674,Zheleznodorozhnyy,55.7503,38.0042,22.55,81,99,11.01,RU,2022-03-28 00:23:48,overcast clouds
675,Zhob,31.3411,69.4481,63.07,19,0,0.72,PK,2022-03-28 00:23:49,clear sky
676,Hukuntsi,-24.0,21.75,70.11,52,0,14.94,BW,2022-03-28 00:23:50,clear sky
677,Rocha,-34.4833,-54.3333,61.77,55,0,4.83,UY,2022-03-28 00:23:50,clear sky
678,Felanitx,39.4696,3.1483,52.14,87,1,5.61,ES,2022-03-28 00:23:51,clear sky
679,Bartlesville,36.7473,-95.9808,58.1,43,0,13.8,US,2022-03-28 00:21:42,clear sky
680,Rantepao,-2.9701,119.8978,72.21,76,92,1.83,ID,2022-03-28 00:23:52,overcast clouds
681,Fecamp,49.7579,0.3746,51.51,73,0,8.39,FR,2022-03-28 00:23:52,clear sky
682,Behbahan,30.5959,50.2417,55.4,29,0,11.74,IR,2022-03-28 00:23:53,clear sky
683,Codajas,-3.8367,-62.0569,75.11,98,90,1.97,BR,2022-03-28 00:23:54,light rain
684,Yabelo,4.8833,38.0833,65.53,53,70,6.76,ET,2022-03-28 00:24:54,broken clouds
685,Santa Maria,-29.6842,-53.8069,63.7,88,0,2.3,BR,2022-03-28 00:21:49,clear sky
686,Murray Bridge,-35.1167,139.2667,74.82,54,41,8.03,AU,2022-03-28 00:24:14,scattered clouds
687,San Cristobal,7.7669,-72.225,71.78,86,86,2.68,VE,2022-03-28 00:24:55,overcast clouds
